igeo,,,,,,,,,,,,,,,,,Stage 2: Quality Review,,,,,,,,Stage 3: Data Processing,,,,,,,
Name of contributor,Discord Handle of Contributor,level (Exam Type),category_en (The Specific Subject Covered in English),category_original_lang (the specific subject covered in the original language),language (the questions are in),Number of Multiple-Choice Questions,source (URL to data source),URL to Associated Paper or Documentation,"Format of data (already in dataset format, in doc format)","license (put ""Unknown"" if it can't be found)",region_related (label based on the category of the exam),Notes,Country of origin for exam,Multimodal? (eg. contains images),"Contains questions with < 4 options or > 4 options (Yes/No) 
",Contains Questions with multiple answers (Yes/No),Review 1 name,Include or not?,Comment R1,Reviewer 2 name?,Include or not?,Comment R2,Tiebreaker (if there isn't consensus),Final decision,Processor,Processing Status,HF link to processed exam,Image Metadata Verfied,Merged?,Discord Thread,json-link,image-link
Swati Rajwal,swatirajwal,undergraduate,Design,English,English,"600
(10 papers, each has 60 questions)",https://www.uceed.iitb.ac.in/2025/downloads.html,https://www.uceed.iitb.ac.in/2025/index.html,PDF format,unknown,,"The questions are in following formats:
1. Single numerical answer only
2. Multiple selections questions
3. Multiple choice (but only once correct answer) questions",India,Yes,Yes,Yes,Shayekh,Yes,(3) Pages 17 to 29 (MCQ with unique answer),Shivalika,Deprioritize,"These are questions in english so lower priority in general. 
Process only MCQs with single correct answer
",,Deprioritize,swatirajwal,In Progress,,FALSE,FALSE,,,
Jebish Purbey,jebish7,Driver License,Driving,सवारी चालक अनुमतिपत्र,"Nepali, English","170
85 (Nepali) + 85 (English)",https://drive.google.com/drive/folders/1aQMLPqhSLdW7xwWMsjd9XMKSXFbKvpLH?usp=sharing,https://dotm.gov.np/Files/285d24a2-8227-4933-b07f-c3a77be17111_1.pdf,PDF format,Free for use,region_specific,"The question is downloaded from Department of Transport Management, Nepal - Both English and Nepali version.",Nepal,Yes,No,No,Shayekh,Yes,Looks good,Shivalika,Yes,"Process the Nepali Exam

(english version not required - double check with manu & isra)",,Yes,jebish7,Done,https://huggingface.co/datasets/jebish7/Driving_License_Nepali_Multimodal,FALSE,FALSE,https://discord.com/channels/1111315570160320636/1316795075346305045,https://huggingface.co/datasets/srajwal1/driving-license-hindi/resolve/main/images.zip,https://huggingface.co/datasets/srajwal1/driving-license-hindi/resolve/main/images.zip
Swati Rajwal,swatirajwal,Driver License,Driving,Driving test,Hindi,161,https://morth.nic.in/sites/default/files/DL%20Test%20Question_0.pdf,,PDF format,unknown,region_specific,,India,Yes,Yes,No,Shayekh,Yes,Looks good,Shivalika,Yes,LGTM,,,swatirajwal,Done,https://huggingface.co/datasets/srajwal1/driving-license-hindi/tree/main,FALSE,FALSE,https://discord.com/channels/1111315570160320636/1316366298208403499/1319436206928560230,https://huggingface.co/datasets/srajwal1/driving-license-penn/resolve/main/driving-license-penn.json,https://huggingface.co/datasets/srajwal1/driving-license-penn/resolve/main/images.zip
Swati Rajwal,swatirajwal,Driver License,Driving,Driving test,Hindi,184,https://www.dot.state.pa.us/Public/DVSPubsForms/BDL/BDL%20Manuals/Manuals/PA%20Drivers%20Manual%20By%20Chapter/Hindi/pub%2095H.pdf,https://www.dot.state.pa.us/Public/DVSPubsForms/BDL/BDL%20Manuals/Manuals/PA%20Drivers%20Manual%20By%20Chapter/Hindi/pub%2095H.pdf,PDF format,unknown,,,USA,Yes,No,No,Shayekh,Yes,same,Daniel,Yes,,,,swatirajwal,Done,https://huggingface.co/datasets/srajwal1/driving-license-penn/tree/main,FALSE,FALSE,https://discord.com/channels/1111315570160320636/1316366298208403499/1319725941966245960,https://huggingface.co/datasets/srajwal1/driving-license-penn/resolve/main/driving-license-penn.json,https://huggingface.co/datasets/srajwal1/driving-license-penn/resolve/main/images.zip
Swati Rajwal,swatirajwal,Olympiad,Olympiad,Olympiad,Hindi,255,https://olympiads.hbcse.tifr.res.in/how-to-prepare/past-papers/,https://olympiads.hbcse.tifr.res.in/how-to-prepare/past-papers/,PDF format,unknown,region_agnostic,,India,Yes,Yes,Yes,Daniel,Yes,Ignore open-ended questions (we are interested in MCQs),Daniel,Yes,,,,swatirajwal,Done,https://huggingface.co/datasets/srajwal1/olympiad-hindi/tree/main,FALSE,FALSE,https://discord.com/channels/1111315570160320636/1316366298208403499/1320766874606112778,https://huggingface.co/datasets/srajwal1/olympiad-hindi/resolve/main/olympiad_hindi.json,https://huggingface.co/datasets/srajwal1/olympiad-hindi/resolve/main/images.zip
Jebish Purbey,jebish7,"Government Exam (Administrative, Non-Gazetted Second Class)","Mixed (Science, Literature, History, GK, Culture)","विज्ञान, साहित्य, इतिहास, सामान्य ज्ञान, संस्कृति",Nepali,200,https://drive.google.com/drive/folders/1uoeFY3CsLrEpKiki6JEMvMYbdmUEjLGD?usp=drive_link,Kharidar – Question Bank Nepal,PDF format,"unknown, readily available everywhere",region_agnostic,Questions collected from Public Service Commision examinations from Nepal. Most visual questions are similarity/pattern questions.,Nepal,Yes,No,No,Shayekh,Yes,Looks ok. PDF quality can be an issue during data extraction.,Shivalika,check,PDF quality is low. Will require careful human validation for each question if being processed,,,,In Progress,,FALSE,FALSE,https://discord.com/channels/1111315570160320636/1326196494562492598,,
Drishti Sharma,drishy,,,,English,,https://collegedunia.com/news/e-301-jee-main-2024-question-paper-april-12-shift-1,,PDF format,,,,,,,,Shayekh,Deprioritize,English only (to confirm),Shivalika,Deprioritize,JEE (STEM) questions in english (low priority),,Deprioritize,shayekh,In Progress,,FALSE,FALSE,,,
Drishti Sharma,drishy,Driver License,Driving,Driving test,English,,https://parivahan.gov.in/parivahan/sites/default/files/DownloadForm/STALL_QB_ENGLISH_NEW.pdf,,PDF format,,,,,,,,Shayekh,Deprioritize,english only,Shivalika,Deprioritize,English only,,Deprioritize,shayekh,In Progress,,FALSE,FALSE,,,
Drishti Sharma,drishy,Driver License,Driving,Driving test,English,,https://transport.delhi.gov.in/sites/default/files/generic_multiple_files/qbankltest.pdf,,PDF format,,region_specific,,,,,,Shayekh,check,Lanuage?,Shivalika,Deprioritize,English only,,Deprioritize,shayekh,In Progress,,FALSE,FALSE,,,
Drishti Sharma,drishy,Driver License,Driving,ડ્રાઇવિંગ ટેસ્ટ,Gujarati,,https://cot.gujarat.gov.in/writereaddata/Portal/Images/pdf/Question_book_gujarati.pdf,,PDF format,,region_specific,,,,,,Shayekh,check,Lanuage?,Shivalika,Yes,Indian driving license exam in gujarati,,Yes,,,,FALSE,FALSE,https://discord.com/channels/1111315570160320636/1326197736382402611,,
Drishti Sharma,drishy,Driver License,Driving,चालन परीक्षा,Hindi,,https://cot.gujarat.gov.in/writereaddata/Portal/Images/pdf/Question_book_hindi.pdf,,PDF format,,region_specific,,,,,,Shayekh,check,Lanuage?,Shivalika,check,Indian driving license exam in hindi. Is this really different from row 5??,,Deprioritize,,,,FALSE,FALSE,,,
Drishti Sharma,drishy,Driver License,Driving,Driving test,English,,https://cot.gujarat.gov.in/writereaddata/Portal/Images/pdf/Question_book_english.pdf,,PDF format,,region_specific,,,,,,Shayekh,check,Lanuage?,Shivalika,Deprioritize,Indian driving license exam in english,,Deprioritize,,,,FALSE,FALSE,,,
,,,,,,,,,,,,,,,,,,,,,,,,,,,,,,,,
,,,,,,,,,,,,,,,,,,,,,,,,,,,,,,,,
Dipika Khullar,dipika6486,High School AP Chemistry 2018,Chemistry,English,English,57,https://m.shsbnu.net/pluginfile.php/38738/mod_resource/content/1/%5B2018-Official-AP%20Practice%20Exam%5D%20%28With%20Answers%29.pdf,,,,,,,,,,Shayekh,Deprioritize,english only,Shivalika,Deprioritize,Chemistry questions in English,,Deprioritize,,,,FALSE,FALSE,,,
Drishti Sharma,drishy,Driver License,Driving,"డ్రైవింగ్ టెస్ట్, चालन परीक्षा, Driving Test","Telugu, Hindi, English",,https://www.transport.telangana.gov.in/html/llr-question-bank.html or https://www.aptransport.org/html/llr-question-bank.html ,,PDF format,,region_specific,,,,,,Shayekh,Yes,,Shivalika,Yes,"Process only Hindi & Telugu exam
Check if questions are different from suggestion on row 5 & 11 for hindi. ",,,,,,FALSE,FALSE,https://discord.com/channels/1111315570160320636/1326197736382402611,,
Dipika Khullar,dipika6486,High School AP Chemistry 2020 Practice,Chemistry ,English ,English,25,https://apcentral.collegeboard.org/media/pdf/ap-2020exam-sample-questions-chemistry.pdf,,PDF,,,,,,,,Shayekh,Deprioritize,english only,Shivalika,Deprioritize,AP chemistry questions in English,,No,,,,FALSE,FALSE,,,
Dipika Khullar,dipika6486,High School AP Physics,Physics,English,English,50,https://www.houstonisd.org/cms/lib2/TX01001591/Centricity/Domain/32087/ap%20review%201.pdf,,PDF,,,,,,,,Shayekh,Deprioritize,english only,Shivalika,Deprioritize,AP physics questions in English,,Deprioritize,,,,FALSE,FALSE,,,
Dipika Khullar,dipika6486,High School AP Physics (MIT Workbook),Physics,English,English,75,https://web.mit.edu/~yczeng/Public/WORKBOOK%201%20FULL.pdf,,PDF,,,,,,,,Shayekh,Deprioritize,english only,Shivalika,Deprioritize,AP physics questions in English,,Deprioritize,,,,FALSE,FALSE,,,
Dipika Khullar,dipika6486,High School AP Physics C 2019,Physics  ,English,English ,35,https://www.phluidphysics.com/wp-content/uploads/2013/11/IPE_2019_Physics_C_M.pdf,,PDF,,,,,,,,Shayekh,Deprioritize,english only,Shivalika,Deprioritize,AP physics questions in English,,Deprioritize,,,,FALSE,FALSE,,,
Dipika Khullar,dipika6486,SAT 2014 - 2015,"English, Math, Reading",English,English ,260,https://cdn2.hubspot.net/hubfs/360031/20142015SAT.pdf,,PDF,,,,,,,,Shayekh,Deprioritize,english only,Shivalika,Deprioritize,SAT questions in English,,Deprioritize,,,,FALSE,FALSE,,,
Drishti Sharma,drishy,Driver License,Driving,ड्रायव्हिंग चाचणी,Marathi,,https://transport.maharashtra.gov.in/Site/Upload/Pdf/QB-MARATHI.pdf,,PDF format,,region_specific,,,,,,Shayekh,Yes,,Shivalika,Yes,Indian driving exam in Marathi,,,,,,FALSE,FALSE,https://discord.com/channels/1111315570160320636/1326197736382402611,,
Dipika Khullar,,SAT Math Practice 2016 #6,Math,English,English,45,https://focusonlearningcenter.com/wp-content/uploads/2020/07/May-2016-SAT-Test-Practice-Test-6-Math-Tests.pdf,,,,,,,,,,Shayekh,,,Shivalika,Deprioritize,SAT questions in English,,Deprioritize,Danylo Boiko,In Progress,,FALSE,FALSE,,,
Azmine Toushik Wasi,azminetoushikwasi,BCS Math,Math,Bangla,Bengali,58,https://blog.hellobcs.com/wp-content/uploads/2023/12/35th-45th-BCS-Math-Question-Solution.pdf,,PDF,Public,region_agnostic,,Bangladesh,Yes. Equation amd Geometry Figures,Yes,No,Shayekh,Yes,To filter multimodal only,Shivalika,check,many questions didn't seem multimodal. Process only multimodal,,Yes,azminetoushikwasi,Done,https://huggingface.co/datasets/azminetoushikwasi/bd-bcs-multimodal,FALSE,FALSE,https://discord.com/channels/1111315570160320636/1316366298208403499/1318218580696764427,,
Azmine Tousik Wasi,azminetoushikwasi,BCS Mental Ability,Mental Ability,Bangla,Bengali,63,https://www.scribd.com/document/525601694/40th-35th-BCS-Mental-Ability-Solution-Written-by-Khairul-Alam,,PDF,Public,region_agnostic,,Bangladesh,"Yes. Figures, Tables",Yes,No,Shayekh,Yes,To filter multimodal only,Shivalika,Yes,"Ensure exam contains at least 30% multimodal questions.
Is this different from BCS exam processed for INCLUDE?",,Yes,azminetoushikwasi,Done,https://huggingface.co/datasets/azminetoushikwasi/bd-bcs-multimodal,FALSE,FALSE,https://discord.com/channels/1111315570160320636/1316366298208403499/1323739113404497961,,
Azmine Tousik Wasi,azminetoushikwasi,Science Univrsity Admission Exams,STEM,Bangla,Bengali,100+,"https://www.scribd.com/document/487940496/DU-A-Unit-Question-Bank-admissionwar-com-pdf, https://www.scribd.com/document/709406232/DU-A-Unit-Question-Bank-admissionwar-com-pdf",,PDF,Public,region_agnostic,,Bangladesh,"Yes. Figures, Tables",Yes,No,Shayekh,Yes,To filter multimodal only,Shivalika,check,many questions didn't seem multimodal. Process only multimodal,,Yes,azminetoushikwasi,In Progress,,FALSE,FALSE,,,
Drishti Sharma,drishy,IAPT,"Physics, Chemistry, Biology, Astronomy","Physics, Chemistry, Biology, Astronomy",English,,https://www.iapt.org.in/exams/nse/papers-solutions.html,,PDF,,region_specific,,,,,,Shayekh,Deprioritize,english only,Shivalika,Deprioritize,STEM questions in English,,,,,,FALSE,FALSE,,,
Drishti Sharma,drishy,iGeo 2022,Geography,Geography,English,,https://geoolympiadbd.com/wp-content/uploads/2023/07/b_iGeo_2022_Multimedia-Test_Answer.pdf ; source: https://geoolympiadbd.com/question-papers/ ,,PDF,,region_agnostic,,,,,,Shayekh,Deprioritize,english only,Shivalika,check,"It's geography questions in english but I kinda like the exam. PDF is high quality too. 
But original source mentions copyright so I'm guessing we can't include. Maybe double check if copyrighted or not. ",,,,,,FALSE,FALSE,,,
Drishti Sharma,drishy,DAT Prelims 2019-20,Design,Design,English,,https://kpclasses.in/wp-content/uploads/2024/03/NID-2019-B.-Des-GAT.pdf,,PDF,,region_specific,,,,,,Shayekh,Deprioritize,english only,Shivalika,Deprioritize,Design exam questions in English,,,,,,FALSE,FALSE,,,
Drishti Sharma,drishy,NID 2018 M.DES,Design,Design,English,,https://kpclasses.in/wp-content/uploads/2024/03/NID-2018-M.DES-GAT_watermark.pdf,,PDF,,region_specific,,,,,,Shayekh,Deprioritize,english only,Shivalika,Deprioritize,Design exam questions in English,,,,,,FALSE,FALSE,,,
Dipika Khullar,dipika6486,Jee Advanced 2019  - present,"Math, Physics, Chemistry ","Math, Physics, Chemistry","Hindi, English",1000 + ,"https://jeeadv.ac.in/past_qps/2019_1_Hindi.pdf (2019)
https://jeeadv.ac.in/archive.html (all) -- 2019 English only, 2019 -- english + hindi",,PDF,,,,,,,,Shayekh,Yes,To focus on Hindi,Shivalika,Yes,"Process only hindi multimodal questions. Check if questions extracted correctly.
Skip older exam papers if PDF is low quality.",,Yes,,,,FALSE,FALSE,,,
Dipika Khullar,dipika6486,ENEM University Entrance Exam,"Math, Physics, Chemistry, and Biology","Ciências da Natureza e suas Tecnologias (Natural Sciences and Technologies)
Matemática e suas Tecnologias (Mathematics and its Technologies)
Ciências Humanas e suas Tecnologias (Human Sciences and Technologies)
Linguagens, Códigos e suas Tecnologias (Languages, Codes, and Technologies)",Portuguese,"504
63 per year, 8 years of exams",https://docs.google.com/file/d/0B0cMzNBSwUbxOUx2ZEI4WDQxSmc/edit?resourcekey=0-CAP_rZIYoerhzABNKa3tQQ,,PDF,public,region_agnostic,,,,,,Shayekh,Yes,,Shivalika,Yes,"Check license.
Native speaker verification required of extracted data.
Process multimodal questions only",,,,,,FALSE,FALSE,,,
,,,,,,,,,,,,,,,,,,,,,,,,,,,,,,,,
Rishabh Maheshwary,rmahesh,JEE Mains,"Math, Physics, Chemistry",,"English, Hindi",,https://collegedunia.com/exams/jee-main/question-paper,,PDF,,region_agnostic,,India,Yes,No,No,Shayekh,Yes,,Shivalika,Yes,Process only hindi multimodal questions. Check if questions extracted correctly.,,Yes,Rishabh Maheshwary,Done,https://huggingface.co/datasets/rmahesh/JEE_Main_Hindi_Multimodal,FALSE,FALSE,,https://huggingface.co/datasets/rmahesh/JEE_Main_Hindi_Multimodal/resolve/main/JEE_Main_Multimodal_updated_qn.json,https://huggingface.co/datasets/rmahesh/JEE_Main_Hindi_Multimodal/resolve/main/images.zip
Rishabh Maheshwary,rmahesh,High School (NTSE exams),"Mental Ability, Maths",,Punjabi,,https://ntse.fiitjee.com/,,PDF,,region_agnostic,,India,Yes,No,No,Shayekh,Yes,,Shivalika,Yes,Process only hindi multimodal questions. Check if questions extracted correctly.,,Yes,Rishabh Maheshwary,Done,https://huggingface.co/datasets/rmahesh/NTSE_Punjabi_Multimodal,FALSE,FALSE,,https://huggingface.co/datasets/rmahesh/NTSE_Punjabi_Multimodal/resolve/main/NTSE_Punjabi_2018_2019_2020.json,https://huggingface.co/datasets/rmahesh/NTSE_Punjabi_Multimodal/resolve/main/images.zip
Dipika Khullar,dipika6486,Gaokao Entrance Exams,"chinese, mathematics, social sciences",Chinese,Chinese,1000 + ,"https://www.51jiaoxi.com/gaokao/zhenti/, https://www.eol.cn/e_html/gk/gkst/index.shtml (the second link is confirmed by a chinese speaking student who actually took the gaokao)",,PDF,,,,,,,,Shayekh,Yes,,Shivalika,check,"- check license 
- check if this data is part of any existing multimodal collections
- if not then process only multimodal questions
- native speaker verfication required post-extraction",,Yes,Dipika Khullar,Done,https://huggingface.co/datasets/dipikakhullar/gaokao/tree/main,FALSE,FALSE,https://discord.com/channels/1111315570160320636/1328996645987422238ce,https://huggingface.co/datasets/dipikakhullar/gaokao/resolve/main/gaokao_huggingface_upload.json,None
,,,,,,,,,,,,,,,,,,,,,,,,,,,,,,,,
Dipika Khullar,dipika6486,University Entrance Exams,"Physics, Chemistry, Biology, and Earth Science","Science (理科)
Geography and History (地理歴史)
Civics (公民)
Mathematics (数学)",Japanese,1000 + ,https://www.asahi.com/edu/center-exam/shiken2020/day1.html,,PDF,public,region_agnostic,,,,,,Shayekh,Yes,To filter multimodal only,Shivalika,check,"- check license 
- check if this data is part of any existing multimodal collections
- if not then process only multimodal questions
- native speaker verfication required post-extraction",,Yes,,,,FALSE,FALSE,https://discord.com/channels/1111315570160320636/1328997682143825941,,
Dipika Khullar,dipika6486,G.C.E. Advanced Level (A/L),Physics ,"பௌதிகவியல் (Physics)
கணிதம் (Mathematics)",Tamil,,https://e-kalvi.com/2021-al-physics-past-paper-tamil-medium/,,,,,,,,,,Shayekh,check,Is MCQ?,Shivalika,check,"- check license 
- if not then process only multimodal questions
- native speaker verfication required post-extraction",,,,,,FALSE,FALSE,,,
Dipika Khullar,dipika6486,AP Environmental Science,Environmental Science,Environmental Science,English,,https://secure-media.collegeboard.org/apc/env-sci-released-exam-1998.pdf,,,,,,,,,,Shayekh,Deprioritize,english only,Shivalika,Deprioritize,Env Sc. questions in english,,,,,,FALSE,FALSE,,,
Dipika Khullar,dipika6486,AP Environmental Science,Environmental Science,Environmental Science,English,100 (~30 are multimodal but very high quality multimodal questions),https://msdisantis.weebly.com/uploads/2/1/8/9/21896518/appracticeexamwithfrq.pdf,,,,,,,,,,Shayekh,Deprioritize,english only,Shivalika,check,"I like the figure based questions in this PDF even though in English.
If not copyrighted then could be processed. Check license or copyright.",,,,,,FALSE,FALSE,,,
Dipika Khullar,dipika6486,ACT,"Math, English, Reading, Science","Math, English Reading Science",English,244,https://www.act.org/content/dam/act/unsecured/documents/Preparing-for-the-ACT.pdf,,PDF,public,region_agnostic,,,,,,Shayekh,Deprioritize,english only,Shivalika,Deprioritize,"Math, Reasoning questions in English (ACT)",,,,,,FALSE,FALSE,,,
Dipika Khullar,dipika6486,university,architecture,,,, https://courses.washington.edu/arch3431/assignments/PExam.pdf (see corpus here for certifactions: ),,,,,,,,,,Shayekh,check,language,Shivalika,check,I think this topic (environmental systems under architecture) might be under-represented even for english in other collections. We should consider processing if license is okay.,,,,,,FALSE,FALSE,,,
,,,,,,,,,,,,,,,,,,,,,,,,,,,,,,,,
Dipika Khullar,dipika6486,DALF,"biology, medical sciences","Hindi, English, Tamil",,,"https://www.pw.live/exams/neet/neet-previous-year-question-papers/, https://www.shiksha.com/medicine-health-sciences/articles/neet-question-paper-in-hindi-pdf-download-blogId-95395 ",,,,,,,,,,Shayekh,Yes,"to keep only non-English, multimodal",Shivalika,check,"NEET exam questions. I couldn't find the non-english PDFs. Please process only non-english, multimodal questions if available.",,,,,,FALSE,FALSE,,,
Snegha,snegha_74754,Driver License,Driving,Tamil,Tami;,150 question,https://tnsta.gov.in/about_us/Stall_questionBank_Report.pdf,,PDF,Public,,,India,yes,yes,No,Shayekh,Yes,,Shivalika,Yes,Indian driving license exam in tamil,,Yes,,,,FALSE,FALSE,,,
,,,,,,,,,,,,,,,,,,,,,,,,,,,,,,,,
,,,,,,,,,,,,,,,,,,,,,,,,,,,,,,,,
Mike Zhang,mikez9648,High School ,"chemistry, physics, biology, geography, business, math, social sciences, history, economics","scheikunde, natuurkunde, biologie, aardrijkskunde, bedrijfskunde, wiskunde, maatschappijleer, geschiedenis, economie",Dutch,1000+ (Processed 249 only for now),https://www.alleexamens.nl/,,PDF,Unknown,region_agnostic,"For a concrete example: 
https://static.alleexamens.nl/VWO/Wiskunde%20A/2024/I/Wiskunde%20A/Wiskunde%20A%202024%20I_opgaven.pdf
Link to e.g., Biology PDFs:
https://www.alleexamens.nl/examens/VWO/Biologie/

Important note: I have processed 249 questions on my own but I don't have time to do more, if you see this, download the unchecked questions here: https://drive.google.com/file/d/15osG4Qa72V0JEhEvJU72KtKzFnhuz5aJ/view",Netherlands,yes,Yes,Yes,Shayekh,Yes,"to keep only non-English, multimodal",Shivalika,Yes,Yes looks good. Let's process if license is okay,,Yes,,Done,https://huggingface.co/datasets/jjzha/dutch-central-exam-mcq-multimodal-subset,FALSE,FALSE,https://discord.com/channels/1111315570160320636/1317384461200920589,,
Rafia Islam,rafiaa3127,"JSC (MATH, SCIENCE)","Math, General Science","English, Bengali ",Bengali,200,https://www.scribd.com/document/530196937/Dhaka-Board-Jsc-Science-Board-Question-2016-1-1-1,,,,region_specific,,Bangladesh,,,,Shayekh,Yes,"to keep only non-English, multimodal",Shivalika,check,"PDF quality doesn't seem good. 
If processed, would require careful human validation.

Process only multimodal questions.",,Deprioritize,,,,FALSE,FALSE,,,
Drishti Sharma,drishy,SSC CGL,"General Intelligence and Reasoning, General Knowledge and Current Affairs, Quantitative Aptitude, General English Comprehension","सामान्य बुद्धिमत्ता और तर्कशक्ति, सामान्य ज्ञान और समसामयिक घटनाएँ, मात्रात्मक योग्यता, सामान्य अंग्रेज़ी बोध",Hindi,,https://examtutorial.in/ssc-cgl-previous-year-paper/,,,,,,,,,,Shayekh,Yes,,Shivalika,Yes,Process only multimodal questions.,,,---,,,FALSE,FALSE,https://discord.com/channels/1111315570160320636/1317387470911832135,,
Shayekh Islam,shayekhbinislam,"University entrance Exams (engineering, MBBS, general)","GK, STEM",,Bengali ,,,,,,region_agnostic,,,,,,Shayekh,Yes,"to keep only non-English, multimodal",Shivalika,check,Link is missing for exam,,,,,,FALSE,FALSE,,,
,,,,,,,,,,,,,,,,,,,,,,,,,,,,,,,,
Dipika Khullar,,IESO,Earth Sciences,,,,https://www.igeoscied.org/activities/ieso-2/past-ieso-exams/,,,,,,,,,,Shayekh,check,Language?,Shivalika,Deprioritize,"Most PDFs under different countries are not loading.
Exams also seem to be only in English",,,,,,FALSE,FALSE,,,
Silvia Fernandez,sil22,High School,"Biology, Math, Physics","Biología, Matemática, Física","Spanish, English",250+ in total,https://drive.google.com/drive/folders/1ZO1WtXzmwvEG6iBYD7fhAfGUvUMUphMe?usp=sharing,,,,,,,,,,Shayekh,Yes,"to keep only non-English, multimodal",Fabian,check,Are there solutions?,,Deprioritize,,,,FALSE,FALSE,,,
Arshia Soltani Moakhar,ckodser,National Driving licence test,Driving License Test,آزمون گواهی نامه,persian,56 questions with image (180 in total),https://drive.google.com/drive/folders/1aydFrTljsf1qceEwJ-Ub8tJTcBROJPW7?usp=sharing,,PDF,Free to use,region_specific,,Iran,Yes,No,No,Shayekh,Yes,,Fabian,Yes,,,,Arshia Soltani,Done,https://huggingface.co/datasets/ckodser/driving_licence_with_image,FALSE,FALSE,https://discord.com/channels/1111315570160320636/1317389452989169726,,
Dipika Khullar,dipika6486,Korean CSAT/Suneung College Entrance Exam,"Korean language, Math, English, Reading, Korean History","Korean language, Math, English, Korean History",,,,,,,,,,,,,Shayekh,check,Is it still accessible,Shivalika,check,"- check license 
- check if this data is part of any existing multimodal collections
- if not then process only multimodal questions
- native speaker verfication required post-extraction",,,,,,FALSE,FALSE,,,
Arshia Soltani Moakhar,ckodser,National Olympiad,geography ,المپیاد جغرافیا,persian,approx 100 with image,geography_olympiad,,PDF,free to use,region_specific,,Iran,Yes,No,No,Shayekh,Yes,,Fabian,Yes,Only non english questions,,Yes,,,,FALSE,FALSE,https://discord.com/channels/1111315570160320636/1318619079355138048,,
Arshia Soltani Moakhar,ckodser,National Olympiad,geology,المپیاد زمین,persian,approx 100 with image,geology_olympiad,,PDF,free to use,region_specific,,Iran,Yes,No,No,Shayekh,Yes,,Fabian,Yes,,,Yes,,,,FALSE,FALSE,https://discord.com/channels/1111315570160320636/1318619079355138048,,
Rishabh Maheshwary,rmahesh,National Olympiad,"Maths, Biology, Physics, Chemistry",,"English, Hindi",~100 with images,https://olympiads.hbcse.tifr.res.in/how-to-prepare/past-papers/,,PDF,,region_agnostic,swatirajwal is processing this dataset,India,Yes,,,Shayekh,Yes,"to keep only non-English, multimodal",Fabian,Yes,Only questions with one answer,,Yes,swatirajwal,Done,https://huggingface.co/datasets/srajwal1/olympiad-hindi/tree/main,FALSE,FALSE,https://discord.com/channels/1111315570160320636/1316366298208403499/1320766874606112778,https://huggingface.co/datasets/srajwal1/olympiad-hindi/resolve/main/olympiad_hindi.json,https://huggingface.co/datasets/srajwal1/olympiad-hindi/resolve/main/images.zip
Dipika Khullar,dipika6486,UPSC,,,,,https://www.drishtiias.com/hindi/free-downloads/prelims-previous-year-papers-2-csat-downloads,,,,,,,,,,Shayekh,Yes,"to keep only non-English, multimodal",Fabian,Yes,,,Yes,,,,FALSE,FALSE,,,
Dipika Khullar ,dipika6486,JEE Advanced ,,,Marathi,,https://docs.aglasem.com/view/acc73c94-cfc4-11ed-b8c1-0a5e36bc6706,,,,,,,,,,Shayekh,Yes,,Fabian,Yes,,,Yes,,,,FALSE,FALSE,https://discord.com/channels/1111315570160320636/1316803107711352883,,
Dipika Khullar,dipika6486,JEE Advanced ,,, Kannada,,https://docs.aglasem.com/view/aae0af96-cfc4-11ed-bbe1-0a5e36bc6706#google_vignette,,,,,,,,,,Shayekh,Yes,,Fabian,Yes,Only multimodal,,Yes,,,,FALSE,FALSE,https://discord.com/channels/1111315570160320636/1316803107711352883,,
,,,,,,,,,,,,,,,,,,,,,,,,,,,,,,,,
,,,,,,,,,,,,,,,,,,,,,,,,,,,,,,,,
Dominik Krzemiński,dokato,A-level exams (high school final exam),"math, biology","matematyka, biologia",polish,~20 per exam sheet per year (~300),https://arkusze.pl/matura-biologia-2024-maj-poziom-rozszerzony/,,PDF,unknown,region_agnostic,"There's a mixture of multimodal and text-based questions, and closed with open questions, so might be tricky to isolate, but I'm sure it's doable.",Poland,yes,Yes,No,Daniel,Deprioritize,Too few MCQs questions,Fabian,Deprioritize,"Could convert to MCQ if really needed, for now it isn't",,Yes,dokato,Done,,FALSE,FALSE,,,
Dominik Krzemiński,dokato,A-level exams (high school final exam),geography,geografia,polish,~20 per exam sheet per year (~100),https://arkusze.pl/matura-stara-geografia-2024-czerwiec-poziom-rozszerzony/,,PDF,unknown,region_specific,"There's a mixture of multimodal and text-based questions, and closed with open questions, so might be tricky to isolate, but I'm sure it's doable.",Poland,yes,Yes,No,Daniel,Deprioritize,Too few MCQs questions,Fabian,Deprioritize,"Could convert to MCQ if really needed, for now it isn't",,Yes,dokato,Done,https://huggingface.co/datasets/dokato/multimodal-PL-exams,FALSE,FALSE,https://discord.com/channels/1111315570160320636/1295653232521252924/1330942452244287499,https://huggingface.co/datasets/dokato/multimodal-PL-exams/resolve/main/exams_pl.json,https://huggingface.co/datasets/dokato/multimodal-PL-exams/resolve/main/images.zip
Bardia Soltani Moakhar,bardia4530,National Olympiad,biology,المپیاد زیست,persian,,,,PDF,Free to use,,,,,,,Shayekh,check,Link?,Shivalika,check,No link is provided ,,,,,,FALSE,FALSE,,,
Dipika Khullar,dipika6486,National Olympiad, chemistry,chemistry,english,,https://www.acs.org/education/olympiad/prepare-for-exams.html,,,,,,,,,,Shayekh,Deprioritize,,Fabian,Deprioritize,Only exams with solutions,,,,,,FALSE,FALSE,,,
Dipika Khullar,dipika6486,national Olympiad 2008-2024,"Astronomy, Biology, Chemistry, Junior Science, Mathematics, Physics ","Astronomy, Biology, Chemistry, Junior Science, Mathematics, Physics ","hindi, english",,https://olympiads.hbcse.tifr.res.in/how-to-prepare/past-papers/,,,,,,,,,,Shayekh,Yes,"to keep only non-English, multimodal",Fabian,Yes,Only multimodal MCQ questions,,Yes,,,,FALSE,FALSE,,,
Dipika Khullar,dipika6486,iGeo National Olympiad's From all Countries,,,"Spanish, Armenian, Portuguese, Dutch, Bulgarian, Simplified Chinese, Croatian, Greek, Czech, Danish, Estonian, Finnish, French, German, Hungarian, Japanese, Russian,",,http://www.geoolympiad.org/fass/geoolympiad/national.shtml,,,,,,,,,,Shayekh,check,"License? to keep only non-English, multimodal",Fabian,check,Some links also don't work,,,,,,FALSE,FALSE,,,
Dipika Khullar,dipika6486,Australian National Olympiad 2007-2024,"biology, earth sciences, math, physics, chemistry","biology, earth sciences, math, physics, chemistry",english,,https://www.asi.edu.au/program/australian-science-olympiads/past-exams-with-answers/,,,,,,,,,,Shayekh,Deprioritize,,Fabian,Deprioritize,,,,,,,FALSE,FALSE,,,
Silvia Fernandez,sil22,University entrance exams,Algebra,Álgebra,Spanish,~100 questions with images (~1000 in total),UBA_Algebra,,,unknown,region_agnostic,,Argentina,yes,yes,yes,Shivalika,check,"process only multimodal questions with equations. 
some pdf/image quality doesn't seem good. please manually validate data after extraction.",Fabian,check,Double check license too,,,Silvia Fernandez,In Progress,,FALSE,FALSE,,,
Silvia Fernandez,sil22,University entrance exams,Biophysics,Biofísica,Spanish,~75 questions with images (~230 in total),UBA_Biofisica,,,unknown,region_agnostic,,Argentina,yes,yes,yes,Shivalika,check,Drive folder access not available,Shivalika,Yes,Process multimodal questions only. Images don't seem of great quality so please double check data post-extraction.,,Yes,Silvia Fernandez,In Progress,,FALSE,FALSE,https://discord.com/channels/1111315570160320636/1318612513364901948,,
shayekh islam,shayekhbinislam,Driving exams,,,Bengali,79,"https://www.pathwaybd.org/blog/driving-training-school/%E0%A6%AC%E0%A6%BF%E0%A6%86%E0%A6%B0%E0%A6%9F%E0%A6%BF%E0%A6%8F-%E0%A6%A1%E0%A7%8D%E0%A6%B0%E0%A6%BE%E0%A6%87%E0%A6%AD%E0%A6%BF%E0%A6%82-%E0%A6%B2%E0%A6%BE%E0%A6%87%E0%A6%B8%E0%A7%87%E0%A6%A8%E0%A7%8D%E0%A6%B8-%E0%A6%B2%E0%A6%BF%E0%A6%96%E0%A6%BF%E0%A6%A4-%E0%A6%AA%E0%A6%B0%E0%A7%80%E0%A6%95%E0%A7%8D%E0%A6%B7%E0%A6%BE%E0%A6%B0-%E0%A6%8F%E0%A6%AE%E0%A6%B8%E0%A6%BF%E0%A6%95%E0%A6%BF%E0%A6%89-%E0%A6%AA%E0%A6%B0%E0%A7%80%E0%A6%95%E0%A7%8D%E0%A6%B7%E0%A6%BE%E0%A6%B0-%E0%A6%AA%E0%A7%8D%E0%A6%B0%E0%A6%B6%E0%A7%8D%E0%A6%A8-%E0%A6%93-%E0%A6%89%E0%A6%A4%E0%A7%8D%E0%A6%A4%E0%A6%B0-brta-driving-license-written-exam-mcq-questions-and-answers,
https://brta.portal.gov.bd/sites/default/files/files/brta.portal.gov.bd/page/916dd69b_13a5_4d63_aca1_ae5ee941b78a/2023-05-09-09-01-b08d059228c85e1b7fc21871260b8287.pdf",,Web,"unknown, govt. ",region_specific,,,,,,Shivalika,Yes,driving exam in bengali -- process only multimodal questions,Fabian,Yes,Only multimodal,,Yes,,Done,https://huggingface.co/datasets/shayekh/BRTA-Driving-License-bn-BD,FALSE,FALSE,,,
Snegha,snegha_74754,GATE CS,Computer science,Computer science,English,300,https://www.geeksforgeeks.org/original-gate-previous-year-question-papers-cse-and-it-gq/,,pdf,free,region_agnostic,,India,yes,No,No,Shivalika,Deprioritize,only english questions,Fabian,Deprioritize,,,,,,,FALSE,FALSE,,,
Snegha,snegha_74754,CEED,Architecture,Architecture,English,300,https://www.dqlabs.in/CEED-Past-Year-Papers.php,,pdf,free,region_agnostic,,India,yes,No,No,Shivalika,Yes,"only english questions but lot of multimodal questions and seem high quality
(design entrance exam general aptitude questions)",Fabian,Yes,"Looks good, only MCQ",,Yes,,,,FALSE,FALSE,,,
Snegha,snegha_74754,TNPSC,Aptitude,Aptitude,Tamil,30,https://www.scribd.com/doc/255812453/maths-and-aptitude-test-in-tamil-www-tnpsctamil-in-pdf,,pdf,free,region_agnostic,,India,yes,No,No,Shivalika,Yes,Process multimodal questions only,Fabian,check,I can't access it + check license,,,,,,FALSE,FALSE,,,
Snegha,snegha_74754,TNPSC,Aptitude,Aptitude,Tamil,100,"https://testbook.com/objective-questions/ta/mcq-on-general-aptitude--5eea6a1539140f30f369f4b5, https://testbook.com/objective-questions/ta/mcq-on-data-interpretation--5eea6a1639140f30f369f555 ",,pdf,free,region_agnostic,,India,yes,No,No,Shivalika,Yes,Process multimodal questions only,Manu,Yes,Good looking MCQs,,,,,,FALSE,FALSE,https://discord.com/channels/1111315570160320636/1318613929911390218,,
Snegha,snegha_74754,Jee Main,"Physics, Chemistry, Math","Physics, Chemistry, Math",Tamil,100,"https://padasalai.info/wp-content/uploads/2024/05/11th-JEE-Test-8-Practice-Questions-English-And-Tamil-Medium-PDF-Download.pdf, https://padasalai.info/wp-content/uploads/2024/05/12th-JEE-Practice-Test-8-Question-Paper-English-And-Tamil-Medium-PDF-Download.pdf ",,pdf,free,region_agnostic,,India,yes,No,No,Shivalika,Yes,Process multimodal questions only,Manu,Yes,Few multimodal questions,,,,,,FALSE,FALSE,,,
Snegha,snegha_74754,Jee Main,"Physics, Chemistry, Math","Physics, Chemistry, Math",Tamil,300,https://www.tamilaruvi.in/2021/07/jee-main-all-subject-original-question-papers-collection-2019-2020-2021-download-pdf.html,,pdf,free,region_agnostic,,India,yes,No,No,Shivalika,check,Was not able to view PDFs but can be procssed if similar to row 81 (process multimodal questions only),Manu,Yes,Few multimodal questions (same type of exams as above),,,,,,FALSE,FALSE,,,
Dominik Krzemiński,dokato,University entry exam,"Biology, Chemistry","Biológia, Chémia",Slovak,mostly text but ~10 x subject (2) x 2 years = ~40,https://www.scio.sk/biologia,,,unknown,region_agnostic,,Slovakia,yes,No,No,Shivalika,Yes,Process multimodal questions only,Manu,Yes,What abput unknown license?,,Yes,dokato,Done,https://huggingface.co/datasets/dokato/multimodal-SK-exams/tree/main,FALSE,FALSE,https://discord.com/channels/1111315570160320636/1318616041932193894,https://huggingface.co/datasets/dokato/multimodal-SK-exams/resolve/main/exams_sk.json,https://huggingface.co/datasets/dokato/multimodal-SK-exams/resolve/main/images.zip
Jekaterina Novikova,jekaterina_n,A-level exams (high school final exam),"Math, Biology, Chemistry, Physics, Geography, History","Matematika, Biologija, Chemija, Fizika, Geografija, Istorija",Lithuanian,mostly text but ~10 x subject (5) x 10 years = ~500,https://www.nsa.smm.lt/egzaminai-ir-pasiekimu-patikrinimai/brandos-egzaminai/egzaminu-uzduotys/,,pdf,unknown,region_agnostic,,Lithuania,yes,No,No,Shivalika,Yes,Process multimodal questions only,Manu,Yes,Multimodality ranges across each subject. Language exams might be quite useful for multilingual evals.,,Yes,jekaterina_n,Done,https://huggingface.co/datasets/Jekaterina/multimodal-LT-exam,FALSE,FALSE,https://discord.com/channels/1111315570160320636/1318616680280358912,,
Dominik Krzemiński,dokato,A-level exams (high school final exam),Maths,matematika,Czech,mostly text but ~10 x 5 years = ~50,https://maturita.cermat.cz/menu/testy-a-zadani-z-predchozich-obdobi/matematika/testy-a-zadani-matematika,,pdf,unknown,region_agnostic,,Czechia,yes,No,No,Shivalika,Yes,Process multimodal questions only,Manu,Yes,,,Yes,dokato,Done,https://huggingface.co/datasets/dokato/multimodal-CS-exams/,FALSE,FALSE,https://discord.com/channels/1111315570160320636/1318617007737929808,https://huggingface.co/datasets/dokato/multimodal-CS-exams/resolve/main/math_exam_cs.json,https://huggingface.co/datasets/dokato/multimodal-CS-exams/resolve/main/images.zip
,,,,,,,,,,,,,,,,,,,,,,,,,,,,,,,,
Alfonso Amayuelas,amayuelas,Profesional Medical Exam,Medicine,Medicine,Spanish,1179,https://mirial.es/images/examen-mir/Examen%20MIR%202014/Examen%20MIR%202014.pdf,https://mirial.es/examen-mir/24-examen-mir/174-descarga-todos-los-examen-mir-en-pdf,pdf,free,region_agnostic,Images contained on a separate pdf,Spain,yes,No,yes,Shivalika,check,unable to access link,Manu,No,No multimodal questions at all.,,Yes,,Done,https://huggingface.co/datasets/amayuelas/aya-mm-exams-spanish-medical,FALSE,FALSE,https://discord.com/channels/1111315570160320636/1318618034608275476,,
,,,,,,,,,,,,,,,,,,,,,,,,,,,,,,,,
Joseph Marvin Imperial,josephimperial,High school graduation exams,Geography,Địa lý,Vietnamese,100+,https://drive.google.com/drive/folders/1Nxuk_luONBCV9z6R586lTrs2m-TTnvyr?usp=sharing,https://arxiv.org/abs/2305.12199,docx,public,region_agnostic,Images for each exam is in a separate folder but can be processed together when converting to JSON,Vietnam,yes,No,Yes,Shivalika,check,"folder has only images. Is the associated question & answers available separately? 
If yes then can be processed.",Manu,Yes,Low proportion of multimodal MCQ. Structured data in docs tables + latex formulas. Might be tricky to process unless it can be transformed into a google sheets table.,,,josephimperial,In Progress,,FALSE,FALSE,https://discord.com/channels/1111315570160320636/1318620335825879070,,
Joseph Marvin Imperial,josephimperial,High school graduation exams,Math,Toán học,Vietnamese,20,https://drive.google.com/drive/folders/1Nxuk_luONBCV9z6R586lTrs2m-TTnvyr?usp=sharing,https://arxiv.org/abs/2305.12200,docx,public,region_agnostic,Exams contain mix of image-based and non-image based questions. Needs to be filtered when processing to only include questions with images.,Vietnam,yes,No,Yes,Shivalika,Yes,Process multimodal questions only,Manu,Yes,Same folder as 88,,,josephimperial,In Progress,,FALSE,FALSE,https://discord.com/channels/1111315570160320636/1318620335825879070,,
Joseph Marvin Imperial,josephimperial,High school graduation exams,Physics,Vật lý,Vietnamese,20,https://drive.google.com/drive/folders/1Nxuk_luONBCV9z6R586lTrs2m-TTnvyr?usp=sharing,https://arxiv.org/abs/2305.12201,docx,public,region_agnostic,Exams contain mix of image-based and non-image based questions. Needs to be filtered when processing to only include questions with images.,Vietnam,yes,No,Yes,Shivalika,Yes,Process multimodal questions only,Manu,Yes,Same folder as 88,,,josephimperial,In Progress,,FALSE,FALSE,https://discord.com/channels/1111315570160320636/1318620335825879070,,
Aman Kapoor,dracula14,GATE ,Engineering,Aptitude,English,100+,https://gate.iitkgp.ac.in/old_question_papers.html,https://gate.iitkgp.ac.in/old_question_papers.html,pdf,public,region_specific,Exams contain mix of image-based and non-image based questions. Needs to be filtered when processing to only include questions with images.,India,yes,yes,yes,Shivalika,Deprioritize,GATE exam has questions only in English.,Daniel,Deprioritize,Exam has questions only in English,,Deprioritize,,,,FALSE,FALSE,,,
Joseph Marvin Imperial,josephimperial,Professional Driving Exam,Driving,Driving,Filipino,48,https://drive.google.com/drive/folders/1jMPFtSrUDT1jza78cMdMWbbXAiq_HHu8?usp=sharing,,pdf,public,region_agnostic,,Philippines,yes,No,Yes,Shayekh,Deprioritize,lacks 4 options,Daniel,Deprioritize,Only 3 answer options,,Deprioritize,,,,FALSE,FALSE,,,
Johan Obando-Ceron,johanobando,High school graduation exams,Math,Matematica,Spanish,200,https://drive.google.com/drive/folders/1_gbUT4oX7_tes0VPESwTqtdz0yME_sNh?usp=sharing,,pdf,public,region_agnostic,,Colombia,yes,yes,yes,Shayekh,Yes,,Daniel,Yes,,,Yes,,,,FALSE,FALSE,https://discord.com/channels/1111315570160320636/1318670807475425390,,
Johan Obando-Ceron,johanobando,High school graduation exams,Natural Science,Ciencias Naturales,Spanish,140,https://drive.google.com/drive/folders/1ISqRuFNdgw5P4ZM39L9veg6v3_9PagsW?usp=share_link,,pdf,public,region_agnostic,,Colombia,yes,yes,yes,Shayekh,Yes,,Daniel,Yes,,,Yes,,,,FALSE,FALSE,https://discord.com/channels/1111315570160320636/1318670807475425390,,
Johan Obando-Ceron,johanobando,High school graduation exams,Math,Razonamiento logico,Spanish,160,https://drive.google.com/drive/folders/1aI3MmXgzEBG2107Cn9B4tzL7bntx1VQm?usp=share_link,,pdf,public,region_agnostic,,Colombia,yes,yes,yes,Shayekh,Yes,,Daniel,Yes,,,Yes,,,,FALSE,FALSE,https://discord.com/channels/1111315570160320636/1318670807475425390,,
Johan Obando-Ceron,johanobando,High school graduation exams,Physics,Fisica,Spanish,100,https://drive.google.com/drive/folders/1wNC1vxjZtuZaiZwtB0UlcrR-gjRRE1wP,,pdf,public,region_agnostic,,Colombia,,,,,,,,,,,,,,,FALSE,FALSE,https://discord.com/channels/1111315570160320636/1318670807475425390,,
Johan Obando-Ceron,johanobando,High school graduation exams,Chemistry,Quimica,Spanish,130,https://drive.google.com/drive/folders/10Cx7e8lZdSWlhKJ5_zV9rTOiOSt5xZOy?usp=drive_link,,pdf,public,region_agnostic,,Colombia,,,,,,,,,,,,,,,FALSE,FALSE,,,
Silvia Fernandez,sil22,University entrance exams,Biology,Biology,Spanish,~50 questions with images (~350 in total),https://drive.google.com/drive/folders/1Yq7pheV0kM6d8T6zCvlm1dt4dLaMi-5Z?usp=sharing,,"pdf, jpg, gif",unknown,region_agnostic,,Argentina,Yes,Yes,Yes,Shayekh,Yes,Image quality not high; need care while cropping :),Daniel,Deprioritize,Low quality images. Is it possible to find better quality images on other websites?,,Deprioritize,,,,FALSE,FALSE,,,
George Pantazopoulos,gpantaz,University entrance exams,Math / Biology / Chemistry / Physics,,Greek,200,https://www.panellinies.net/gel-panellinies-2024/,,pdf,public,region_agnostic,,Greek,yes,Yes,no,Shayekh,check,couldn't find MCQ? could you provide some samples ,Daniel,Deprioritize,No MCQ questions,,Deprioritize,,,,FALSE,FALSE,,,
Chrisula Tolia,chtolia,National exams for seconday education Model Schools,Language / Math,Language / Math,Greek,500,https://drive.google.com/drive/folders/181sW-I3bOhsLDyht99xkN5ItIPQEFKFX?usp=sharing   https://drive.google.com/drive/folders/1DAUaSeu8goeywLPvMlRMGbL_mtCcya6_?usp=sharing,,pdf,public,region_agnostic,,Greek,yes,yes,no,Daniel,Yes,,,,,,,,,,FALSE,FALSE,,,
Swati Rajwal,swatirajwal,"DSSSB (Delhi Subordinate Services
Selection Board)
1. DSSSB Warder
2. DSSSB TGT
3. DSSSB PGT
4. DSSSB PRT","Aptitude, Computer Science, Electronics",Entrance Exam,Hindi,504,https://haryanajobs.in/dsssb-previous-year-question-paper/,https://haryanajobs.in/dsssb-previous-year-question-paper/,PDF,unknown,,"1. I will only extract HINDI language MCQ questions.

2. Can reviewers confirm if I can extract non-image questions too if it has not been done in INCLUDE? Since hindi is a mid-low resource language, I wanted to confirm.

3. (I checked this sheet and this exam is not recommended before) Hope this exam is not suggested by anyone elsewhere.",India,Yes,No,No,Shayekh,Yes,"hindi, multimodal",Shayekh,Yes,,,,swatirajwal,Done,https://huggingface.co/datasets/srajwal1/dsssb_hindi/tree/main,FALSE,FALSE,https://discord.com/channels/1111315570160320636/1316366298208403499/1323420303853879426,https://huggingface.co/datasets/srajwal1/dsssb_hindi/resolve/main/dsssb.json,https://huggingface.co/datasets/srajwal1/dsssb_hindi/resolve/main/images.zip
Anna Dick,crazycamellady,Driver License,Driving,Führerscheintest Klasse B,German,150,https://www.fuehrerschein-test.com/index.php,,Web,unknown,region_specific,"Site is not official, but the only one I could find with single choice questions",Germany,,,,Daniel,Yes,,,,,,,,,,FALSE,FALSE,,,
Anna Dick,crazycamellady,University entrance exams,Medicine,Medizinertest / TMS,German,20,https://www.ausbildungspark.com/einstellungstest/vorbereitung-medizinertest-tms/,,Web,unknown,region_agnostic,"Answers also include images, might need written permission of Ausbildungspark Verlag GmbH to use",Germany,,,,Daniel,Yes,,,,,,,,,,FALSE,FALSE,,,
Anna Dick,crazycamellady,University entrance exams,Medicine,Medizinertest / TMS,German,48,https://praepkurs-medizinertest.de/wp-content/uploads/2015/09/Mathe-Set-1-und-2.pdf,https://praepkurs-medizinertest.de/,PDF,unknown,region_agnostic,Solutions in table at the end of the pdfs,Germany,,,,Daniel,Yes,,,,,,,,,,FALSE,FALSE,,,
Anna Dick,crazycamellady,University entrance exams,Medicine,Medizinertest / TMS,German,72,https://praepkurs-medizinertest.de/wp-content/uploads/2015/09/Diagramme-Set-1-und-2.pdf,,PDF,unknown,region_agnostic,,Germany,,,,Daniel,Yes,,,,,,,,,,FALSE,FALSE,,,
Anna Dick,crazycamellady,Secondary school,"Maths, Biology, Chemistry, Physics","Mathematik, Biologie, Chemie, Physik",German,500+,https://schulquiz.info/index_gast.php,,Web,public,region_specific,"Only 'abc-Aufgaben' are multiple-choice, not all quizzes contain pictures, certain quizzes like fish identification are region-specific",Germany,,,,Fabian,Yes,"Only process the ""Abc-Aufgaben""",,,,,,,,,FALSE,FALSE,,,
Nikhil Balwani,nikhil1998,IITJAM,"Biotechnology, Chemistry, Economics, Geology, Mathematics, Mathematical Statistics, Physics",,English,40 in each paper,https://jam.iitr.ac.in/jam2022_QPs_AKs.html,,PDF,public,region_agnostic,"The Joint Admission Test for Masters (JAM) is a common admission test conducted every year for admission into Master of Science (M.Sc.) and other post-graduate science programs at Indian Institutes of Technology (IITs), Indian Institute of Science (IISc), Indian Institutes of Information Technology (IIITs) and National Institutes of Technology (NITs), organized by alternating institutes every year. JAM has been conducted since 2004",India,yes,Yes,Yes,Daniel,Deprioritize,Exam in English,,,,,,,,,FALSE,FALSE,,,
Anna Dick,crazycamellady,University entrance exams,Medicine,Medizinertest,German,~140 each for 3 tests,https://www.nc-wiki.ch/ubungsserien/,,PDF,CC BY-NC 4.0,region_agnostic,"Testsimulation [year]' include the full tests, but many questions are not multimodal: most relevant files might be 'Diagramme & Tabellen' in each Series",Switzerland,,,,Shivalika,Yes,"Don't process reading comprehension type of questions where multiple questions depend on single paragraph to be answered.

Convert questions with 5 options to 4 options (remove 1 wrong option)",,,,,,,,,FALSE,FALSE,,,
Anna Dick,crazycamellady,University admission/General knowledge,"General knowledge, humanities, engineering, STEM, economics"," Geisteswissenschaften, Ingenieurwissenschaften, Naturwissenschaften, Wirtschaftswissenschaften",German,~200 in total,https://www.testas.de/fileadmin/bilder/4_pdf-video/1-teilnehmende/testas_modellaufgaben_deutsch_2017_kl.pdf,https://www.testas.de/de/,PDF,Unknown,region_agnostic,Extracting this one could be hard because of the layout,Germany,,,,Shivalika,Yes,,Daniel,Yes,,,Yes,Anna Dick,In Progress,,FALSE,FALSE,https://discord.com/channels/1111315570160320636/1329047199153127435,,
Anna Dick,crazycamellady,University admission,"Natural Science, Logical Thinking","Naturwissenschaften, logisches Denken",German,106,https://operation-karriere.de/wp-content/uploads/2024/07/Medcoaches-Kostenlose-HAM-Nat-Testimulation.pdf,,PDF,unknown,region_agnostic,,Germany,,,,Daniel,Yes,,,,,,,,,,FALSE,FALSE,,,
Arshia Soltani Moakhar,ckodser,National Olympiad,Informatic,المپیاد کامپیوتر,persian,"380 with image, 1082 in total",https://opedia.ir/_media/archive/1st-rounds/28/28_first.pdf,,PDF,free to use,region_agnostic,There are many more files similar to this.  Here I put one as an example. Answers are in the website,Iran,Yes,No,No,Shivalika,Yes,,Daniel,Yes,,,Yes,Arshia Soltani,Done,https://huggingface.co/datasets/ckodser/Iranian_olympiad_of_informatics_multimodal_questions,FALSE,FALSE,https://discord.com/channels/1111315570160320636/1317389452989169726,,
Michael Chang,_vsaucemichaelhere,College,History,한국사,Korean,1000+,https://www.ebs.co.kr/pass/examination/history/infomation/problem,,PDF,COPYRIGHT (C) 2019 BY KICE,region_agnostic,,Korea,Yes,Yes,Yes,Marzieh,Yes,,Shivalika,Yes,,,Yes,_vsaucemichaelhere,,,FALSE,FALSE,,,
Ram Mohan Rao Kadiyala,1048576m,University entrance exams,Chemistry,रसायन विज्ञान,Hindi,8000,https://huggingface.co/datasets/VuongQuoc/Chemistry_text_to_image,,Png,mit,region_agnostic,,India,Yes,No,No,Daniel,Deprioritize,It's a huggingface dataset,Shivalika,Yes,Spoke to Ram about the dataset -- it can be accepted; just needs to be reformatted according to expected format ,,Yes,Ram Kadiyala,Done,https://huggingface.co/datasets/1024m/chemistry-multimodal-exams-hindi,FALSE,FALSE,,,
Ram Mohan Rao Kadiyala,1048576m,University entrance exams,Chemistry,రసాయన శాస్త్రం,Telugu,8000,https://huggingface.co/datasets/VuongQuoc/Chemistry_text_to_image,,Png,mit,region_agnostic,,India,Yes,No,No,,,,,,,,,Ram Kadiyala,Done,https://huggingface.co/datasets/1024m/chemistry-multimodal-exams-telugu,FALSE,FALSE,,,
Mike Zhang,mikez9648,University entrace exams (Physician),"Biology, Chemistry, Physics, Math, Reading Comprehension","Biologie, Chemie, Fysica, Wiskunde, Vaardig",Dutch,~900,https://toelatingsexamenartstandarts.be/voorbereiding/proefexamen/examenvragen,,PDF,Unknown,region_agnostic,,Belgium,Yes,No,Yes,Shayekh,Yes,,Fabian,Yes,,,Yes,,Done,https://huggingface.co/datasets/jjzha/flemish_multimodal_exams_physician,FALSE,FALSE,,,
Luiz F. S. dos Santos,luizflpe_,University entrance exams: University of Sao Paulo,"Biology, Chemistry, Physics, Math, Portuguese, Literature, History, Geography","Biologia, Química, Física, Matemática, Português, Literatura, História, Geografia",Portuguese,~4000 (47 years * 90 questions per test),https://acervo.fuvest.br/?t=vestibular,,PDF,Unknown,region_agnostic,"Except for disciplines such as history and geography, which are region-related.",Brazil,Yes,No,No,Shivalika,check,"Does it have multimodal questions ? luiz: Yes!

Please join #multimodal-exams channel in Aya Discord so we can discuss regarding this exam contributions",Shayekh,Yes,,,,,,,FALSE,FALSE,https://discord.com/channels/1111315570160320636/1329867529941680209,,
Luiz F. S. dos Santos,luizflpe_,University entrance exams: University of Campinas,"Biology, Chemistry, Physics, Math, Portuguese, Literature, History, Geography","Biologia, Química, Física, Matemática, Português, Literatura, História, Geografia",Portuguese,~1600 (37 years*45 questions),https://www.comvest.unicamp.br/vestibulares-anteriores/,,PDF,Unknown,region_agnostic,"Except for disciplines such as history and geography, which are region-related.",Brazil,Yes,No,No,Shivalika,check,Does this have MCQs? - luiz: Yes!,Shayekh,Yes,,,,,,,FALSE,FALSE,https://discord.com/channels/1111315570160320636/1329867529941680209,,
Rishabh Maheshwary,rmahesh,University entrance exams,"Physics, Chemistry,  Biology",,Hindi,1000,https://collegedunia.com/exams/upcet/question-paper-2019,,PDF,Unknown,region_agnostic,,India,Yes,No,No,Shivalika,Yes,,Shayekh,Yes,,,,Rishabh Maheshwary,Done,https://huggingface.co/datasets/rmahesh/UP_CET_Hindi_Multimodal,FALSE,FALSE,,https://huggingface.co/datasets/rmahesh/UP_CET_Hindi_Multimodal/resolve/main/UP_CET_Multimodal_updated_qn.json,https://huggingface.co/datasets/rmahesh/UP_CET_Hindi_Multimodal/resolve/main/images.zip
Luiz F. S. dos Santos,luizflpe_,University entrance exams: Technological Institute of Aeronautics,"Biology, Chemistry, Physics, Math, Portuguese, Literature, History, Geography","Biologia, Química, Física, Matemática, Português, Literatura, História, Geografia",Portuguese,960,https://vestibular.ita.br/provas.htm,,PDF,Unknown,region_agnostic,"Except for disciplines such as history and geography, which are region-related. Considered one of the hardest university entrance exams in Brazil.",Brazil,Yes,Yes,No,Fabian,Yes,Make sure to verify the license; process only MCQ:s and convert questions to having 4 options by removing the exess options.,Shayekh,Yes,,,,,,,FALSE,FALSE,https://discord.com/channels/1111315570160320636/1329867529941680209,,
Luiz F. S. dos Santos,luizflpe_,University entrance exams: Military Institute of Engineering,"Chemistry, Physics, Math, Portuguese, English","Química, Física, Matemática, Português, Inglês",Portuguese,1120,https://www.ime.eb.mil.br/provas-anteriores-cfg.html,,PDF,Unknown,region_agnostic,Considered one of the hardest university entrance exams in Brazil,Brazil,Yes,No,No,Fabian,check,I nearly cannot find any multimodal MCQ questions,,,,,,,,,FALSE,FALSE,https://discord.com/channels/1111315570160320636/1329867529941680209,,
Danylo Boiko,danylo_boiko,University entrance exam,"Biology, Chemistry, Geography, Mathematics, Physics, Ukrainian History, Ukrainian Language and Literature","Біологія, Хімія, Географія, Математика, Фізика, Історія України, Українська мова і література",Ukrainian,To be calculated,https://zno.osvita.ua/,,Web,CC BY,region_specific,Only MCQ questions that contain images will be used,Ukraine,Yes,Yes,Yes,Daniel,Yes,,Daniel,Yes,,,Yes,Danylo Boiko,Done,https://huggingface.co/datasets/danylo-boiko/zno-vision,FALSE,FALSE,,https://huggingface.co/datasets/danylo-boiko/zno-vision/resolve/main/questions.json,https://huggingface.co/datasets/danylo-boiko/zno-vision/resolve/main/images.zip
Alfonso Amayuelas,amayuelas,Professional Nursing Exam,Medicine,Medicina,Spanish,1000,https://fse.mscbs.gob.es/fseweb/view/public/datosanteriores/cuadernosExamen/busquedaConvocatoria.xhtml,nursing-spanish,PDF,CC BY 4.0,region_agnostic,,Spain,Yes,Yes,No,,,,,,,,,,,https://huggingface.co/datasets/amayuelas/aya-mm-exams-spanish-nursing,TRUE,FALSE,https://discord.com/channels/1111315570160320636/1316366298208403499/1331057036166828085,https://huggingface.co/datasets/amayuelas/aya-mm-exams-spanish-medical/blob/main/data.json,https://huggingface.co/datasets/amayuelas/aya-mm-exams-spanish-nursing/tree/main/images
Drishti Sharma,drishy,Driving License,Driving,ଚାଳନ ପରୀକ୍ଷା,Odia,,https://odishatransport.gov.in/Application/uploadDocuments/LLMockTestQuestionBank/ODIA_Question_Bank_for_LL_Test.pdf,,,,,,,,,,,,,,,,,,,,,,,,,
María Grandury,mariagrandury,Professional Medicine Exam,Medicine,Medicina,Spanish,5 years * 210 questions (25 multimodal) -> 125 multimodal Q in total,https://fse.mscbs.gob.es/fseweb/view/public/datosanteriores/cuadernosExamen/busquedaConvocatoria.xhtml,Medicine Exams Spain,PDF,CC BY 4.0,region_agnostic,,Spain,Yes,Yes,No,,,,,,,,,,,,,,,,
María Grandury,mariagrandury,Culture Exam,Culture,Cultura,Gallego,30,https://www.ogalego.eu/exercicios_de_lingua/exercicios/pasatempos/30fotos.htm,,Web,CC BY-NC-SA 4.0,region_specific,,Spain,Yes,Yes,No,Shivalika,Yes,,Shayekh,Yes,,,,,,,FALSE,FALSE,,,
María Grandury,mariagrandury,Culture Exam,Culture,Cultura,Gallego,30,https://www.ogalego.eu/exercicios_de_lingua/exercicios/pasatempos/30aldea.htm,,Web,CC BY-NC-SA 4.0,region_specific,,Spain,Yes,Yes,No,Shivalika,Yes,,Shayekh,Yes,,,,,,,FALSE,FALSE,,,
Ahmed Ruby,ahmed_ruby,Secondary school,"Math, Physics, Biology, Chemistry, Geology, English","Math, Physics, Biology, Chemistry, History, Arabic, Geology, and Geography",Arabic,1000+,https://moe.gov.eg/ar/exam-model2022-2023/     &   https://moe.gov.eg/ar/exams-subjects-outside  & https://moe.gov.eg/ar/june_test2021_3sec/ ,,Web,Unknown,region_specific,,Egypt,Yes,Yes,No,Shivalika,Yes,"Process only MCQ questions.
Process only questions in Arabic.
Process PDFs for subjects which have greater volume of multimodal questions first e.g. geography, statistics, etc",,,,,,,,,,,,,